{
  "RU-CHU": [809.6946608826407, 112.55736028916967],
  "RU-ARK": [234.97848390425585, 159.9642173847995],
  "RU-MUR": [255.374216339741, 94.30141131450513],
  "RU-KR": [205.97091598267514, 114.2188020598311],
  "RU-SA": [647.604277145552, 252.56164043501],
  "RU-KYA": [479.9499218051396, 272.8644052331184],
  "RU-LEN": [166, 130],
  "RU-PSK": [127.21563528600764, 128.97162145981622],
  "RU-SPE": [159.62763239597425, 119.56531434229753],
  "RU-NEN": [345, 176],
  "RU-NGR": [148.64081331927628, 141.3061204009741],
  "RU-TVE": [142.77356907162377, 161.0849498122843],
  "RU-VLG": [192.78232333277344, 172.5750655041579],
  "RU-SMO": [114.32117960684272, 164.29853047565368],
  "RU-KAM": [848, 217.99402249062655],
  "RU-YAN": [387.18423360002197, 230],
  "RU-KO": [282.6645098984434, 199.68569856711883],
  "RU-BRY": [94.04190083415901, 179.29546064398397],
  "RU-MAG": [778.753880220736, 218.26212770506166],
  "RU-YAR": [166.4337179651171, 180.6602684033701],
  "RU-MOS": [140, 200],
  "RU-KLU": [116.85934262648642, 182.79990057844716],
  "RU-MOW": [138.51141406103332, 187.4622512994271],
  "RU-KOS": [189.96495686752255, 200.1102549427489],
  "RU-VLA": [153.79559744829615, 202.04645092722708],
  "RU-TUL": [120.003334637068, 198.87005076971104],
  "RU-ORL": [104.30673223856056, 199.4766594260002],
  "RU-IVA": [166.90540683791065, 199.6874098957039],
  "RU-KRS": [91.41661994256278, 204.20878287373574],
  "RU-KIR": [217.0094688130026, 227.50842215294716],
  "RU-RYA": [136.80189903756678, 213.73697824818066],
  "RU-BEL": [86.75786733060254, 219.8562412944782],
  "RU-NIZ": [172.5680192159196, 220.91930294775776],
  "RU-LIP": [113.72138280431074, 216.8866831504683],
  "RU-KHM": [339.18774806398426, 272.0461081555147],
  "RU-VOR": [101.64317248740429, 235.324041487895],
  "RU-TAM": [124.5816402176406, 231.34093913168718],
  "RU-MO": [153.59779208781626, 235.0794174831899],
  "RU-ME": [189.8197449521313, 235.77704453271767],
  "RU-PNZ": [143.19938118307633, 245.2405622387524],
  "RU-PER": [249.4290126859515, 251.72024188846743],
  "RU-CU": [176.00908646205684, 240.34927092897226],
  "RU-SVE": [271.3449946120595, 277.75007075059943],
  "RU-UD": [217.3495670395102, 254.11330724712596],
  "RU-SAR": [138.65091506685468, 270.1349666782975],
  "RU-VGG": [106.92327392231682, 269.75351680107985],
  "RU-ULY": [165.24736642197948, 257.8494571230485],
  "RU-TA": [192.78760116235924, 260.90270041418466],
  "RU-ROS": [74.82698008392565, 265.3774135243418],
  "RU-KDA": [48, 270],
  "RU-KHA": [770, 386],
  "RU-SAM": [172.15694946432956, 276.31542392799986],
  "RU-AD": [37.483393535167764, 278.32985859431],
  "RU-BA": [212.223789509986, 297.83704302227096],
  "RU-STA": [58.595261366007506, 299.46780045181004],
  "RU-ORE": [189.5227557946032, 314.225004967011],
  "RU-KL": [83.06371769726621, 301.0168200774889],
  "RU-AST": [99.58114039504991, 309.24370544387716],
  "RU-KC": [38.663688015515916, 296.80389177969283],
  "RU-TYU": [305.89942208717474, 313.45599319887066],
  "RU-CHE": [234.72607112606772, 313.4174884123638],
  "RU-IRK": [535.2010496258745, 381.7437740950648],
  "RU-KGN": [267.20149139354123, 321.2994230740621],
  "RU-TOM": [386.43687878452596, 339.42910001756445],
  "RU-KB": [45.09762260555611, 310.6588903430982],
  "RU-OMS": [321.40112769089325, 344.16650404903334],
  "RU-SAK": [809.2353968502742, 384.81075262509324],
  "RU-SE": [46.118764696790045, 319.7222586654839],
  "RU-DA": [60.750414067749524, 338.65272898669383],
  "RU-CE & RU-IN": [55.55746758882705, 327.6717294952276],
  "RU-NVS": [357.82185491670765, 370.90224873653057],
  "RU-ZAB": [609.2692936031428, 427.0852739014348],
  "RU-AMU": [691.8887245721216, 398.55188857175665],
  "RU-KEM": [405.0928892176809, 393.23575443057814],
  "RU-BU": [559.3513504952598, 423.192230168913],
  "RU-ALT": [365.49812120668014, 408.57282227212113],
  "RU-TY": [451.06511256726486, 442.2467166449185],
  "RU-PRI": [779.6030279537051, 470.4500443850688],
  "RU-YEV": [744.6759272025379, 441.578886571682],
  "RU-KK": [419.46320547955025, 414.19894140358974],
  "RU-AL": [390.79981434913134, 440.3393014926927],
  "RU-KGD": [78.22190403782601, 91.97592934385115]
}
